Category,Forecast
Personal Care,56024.21100044864
Dining & Food,53606.38655088269
Groceries & Shopping,53353.4662297945
Housing & Utilities,0.0
Subscriptions,33605.4784581175
Banking & Finance,51273.82805630554
Travel,59359.346969681435
Education,55793.506523012235
Entertainment,46983.776211757475
